geometry,lidar_drop_rate,mmwave_drop_rate,pooled_accuracy,pooled_accuracy,pooled_accuracy,quality_aware_accuracy,quality_aware_accuracy,quality_aware_accuracy,quality_minus_pooled_accuracy,quality_minus_pooled_accuracy,quality_minus_pooled_accuracy,pooled_macro_f1,pooled_macro_f1,pooled_macro_f1,quality_aware_macro_f1,quality_aware_macro_f1,quality_aware_macro_f1,quality_minus_pooled_macro_f1,quality_minus_pooled_macro_f1,quality_minus_pooled_macro_f1,pooled_nll,pooled_nll,pooled_nll,quality_aware_nll,quality_aware_nll,quality_aware_nll,quality_minus_pooled_nll,quality_minus_pooled_nll,quality_minus_pooled_nll,pooled_brier,pooled_brier,pooled_brier,quality_aware_brier,quality_aware_brier,quality_aware_brier,quality_minus_pooled_brier,quality_minus_pooled_brier,quality_minus_pooled_brier,pooled_ece,pooled_ece,pooled_ece,quality_aware_ece,quality_aware_ece,quality_aware_ece,quality_minus_pooled_ece,quality_minus_pooled_ece,quality_minus_pooled_ece,pooled_adaptive_ece,pooled_adaptive_ece,pooled_adaptive_ece,quality_aware_adaptive_ece,quality_aware_adaptive_ece,quality_aware_adaptive_ece,quality_minus_pooled_adaptive_ece,quality_minus_pooled_adaptive_ece,quality_minus_pooled_adaptive_ece,pooled_aurc,pooled_aurc,pooled_aurc,quality_aware_aurc,quality_aware_aurc,quality_aware_aurc,quality_minus_pooled_aurc,quality_minus_pooled_aurc,quality_minus_pooled_aurc
,,,mean,std,count,mean,std,count,mean,std,count,mean,std,count,mean,std,count,mean,std,count,mean,std,count,mean,std,count,mean,std,count,mean,std,count,mean,std,count,mean,std,count,mean,std,count,mean,std,count,mean,std,count,mean,std,count,mean,std,count,mean,std,count,mean,std,count,mean,std,count,mean,std,count
azimuth_sector,0.0,0.25,0.8401827788090819,0.0009109888852055321,5,0.8401827788090819,0.0009109888852055321,5,0.0,0.0,5,0.8863935262692484,0.0009035645813800712,5,0.8863935262692484,0.0009035645813800712,5,0.0,0.0,5,0.7196098070098588,0.002401575072762834,5,0.5466554870905853,0.005094427167370453,5,-0.1729543199192734,0.004462704304864179,5,0.2781210535621117,0.0009129378467519489,5,0.22602346612152724,0.0016942012941572706,5,-0.05209758744058444,0.0008060720772859626,5,0.2081750562108507,0.0011901713678345008,5,0.0332973111203975,0.0013802374252142066,5,-0.17487774509045317,0.002013574517644244,5,0.20789248730781207,0.0011025248981676556,5,0.03304783252062834,0.002239528904481281,5,-0.17484465478718375,0.0031171123034057957,5,0.0293717703984182,0.0005427970697505711,5,0.02989994587150942,0.00027163700717989397,5,0.0005281754730912192,0.0003613513922817253,5
azimuth_sector,0.0,0.5,0.6974439525917464,0.003011268203476831,5,0.6974439525917464,0.003011268203476831,5,0.0,0.0,5,0.7809557009239995,0.0026180394270900425,5,0.7809557009239995,0.0026180394270900425,5,0.0,0.0,5,1.1907791706872277,0.007896520078063561,5,1.0828346129942472,0.01030028829974646,5,-0.10794455769298046,0.003394238464845473,5,0.45772101518990327,0.0030714239108440736,5,0.421526207491919,0.003811634865193496,5,-0.03619480769798435,0.0010426516875188792,5,0.18187944369802572,0.0020214750446670487,5,0.05011313090147794,0.001288410143468545,5,-0.13176631279654777,0.002434404320826062,5,0.18168602226952246,0.001973660543576621,5,0.049609160063622336,0.0016004574997881005,5,-0.13207686220590012,0.002165884428211726,5,0.1101958833757879,0.002412648406140307,5,0.10925479641679914,0.0018730531440652076,5,-0.00094108695898876,0.0006562315412045858,5
azimuth_sector,0.0,0.75,0.4855918891903469,0.004415836160737981,5,0.4855918891903469,0.004415836160737981,5,0.0,0.0,5,0.5892182834790157,0.0044021553652001146,5,0.5892182834790157,0.0044021553652001146,5,0.0,0.0,5,1.9063096478657928,0.00885353777733544,5,1.9304135774751412,0.00899101166885809,5,0.024103929609348106,0.0024149757839181914,5,0.6968024315221327,0.002928764743029694,5,0.704313721239696,0.0027745074032997884,5,0.007511289717563341,0.0005134041812135097,5,0.0710752413226824,0.003620286334048003,5,0.08844879082237603,0.005098093935556675,5,0.017373549499693615,0.004212640673626524,5,0.07098855494265094,0.003714085004540965,5,0.08801218413061143,0.004729588064345902,5,0.0170236291879605,0.003350343124385691,5,0.3569107049356283,0.004183103723141028,5,0.37064099881090795,0.0032977242964831958,5,0.013730293875279631,0.001151013301589989,5
azimuth_sector,0.0,0.9,0.4261316578609168,0.0027622804214771993,5,0.4261316578609168,0.0027622804214771993,5,0.0,0.0,5,0.5273975786058241,0.0022222114385756636,5,0.5273975786058241,0.0022222114385756636,5,0.0,0.0,5,2.145324614839075,0.005198783361039077,5,2.239907763980978,0.0036917625902822535,5,0.09458314914190309,0.0018876309770997901,5,0.7477118675268912,0.0018794130438827953,5,0.7811967181349968,0.0009644612713456533,5,0.03348485060810562,0.0010033463834593845,5,0.053066403512379276,0.003088250884127059,5,0.161853177857036,0.0029970434689267455,5,0.10878677434465674,0.0015991965741438605,5,0.052248060287946665,0.0027796064767344818,5,0.15836792710180683,0.0026712999778095536,5,0.10611986681386017,0.0004891338217911124,5,0.40749001086814013,0.0030498133644202754,5,0.4332114359949902,0.0028275894268964905,5,0.02572142512685005,0.00218700778704459,5
azimuth_sector,0.25,0.0,0.8570612594602313,0.0024712363701095016,5,0.8570612594602313,0.0024712363701095016,5,0.0,0.0,5,0.8890086029564704,0.0024085538131466636,5,0.8890086029564704,0.0024085538131466636,5,0.0,0.0,5,0.6350220251161853,0.003786329628927005,5,0.5022846107120478,0.008594334767676112,5,-0.1327374144041375,0.005214254352075314,5,0.24109590294905744,0.0022022737821119995,5,0.20162671588465778,0.0043314782199996805,5,-0.03946918706439967,0.0021855061145609873,5,0.18594744286932988,0.0023265912435626985,5,0.03947973978584042,0.0027718961833297744,5,-0.14646770308348947,0.005076587573712577,5,0.18573236489684744,0.002139561808867475,5,0.03900483357318232,0.0029645259636507915,5,-0.14672753132366512,0.005076539276998508,5,0.02147590984714918,0.0008644242864144586,5,0.022578060666669057,0.0007270378575611981,5,0.00110215081951988,0.0003975098243754044,5
azimuth_sector,0.25,0.25,0.7648436384406683,0.0031470230610493944,5,0.7648436384406683,0.0031470230610493944,5,0.0,0.0,5,0.8070542214334668,0.002749781365520571,5,0.8070542214334668,0.002749781365520571,5,0.0,0.0,5,0.9366091261513484,0.004097598785196511,5,0.787980298196939,0.011214556180538418,5,-0.1486288279544093,0.0071565752796798965,5,0.3606959041738471,0.002077299899146968,5,0.3151567616812607,0.004459635819695275,5,-0.045539142492586414,0.002593200412043737,5,0.18798228382946053,0.003525276904644594,5,0.03722968687975686,0.003514263689015896,5,-0.15075259694970367,0.006988009346862623,5,0.18758213605539498,0.00314914625798923,5,0.03709972426198678,0.0036210506672362205,5,-0.1504824117934082,0.006743560441568938,5,0.05601524652533176,0.0015716661264530587,5,0.05478524197581878,0.0018144808914069722,5,-0.001230004549512978,0.00043043945187129707,5
azimuth_sector,0.25,0.5,0.6014850778237898,0.0054162786020792095,5,0.6014850778237898,0.0054162786020792095,5,0.0,0.0,5,0.6549063858824814,0.006324248171782245,5,0.6549063858824814,0.006324248171782245,5,0.0,0.0,5,1.4393954422531967,0.007842145293312307,5,1.349459604856903,0.012872429057143687,5,-0.08993583739629396,0.006747174437588958,5,0.539561020774048,0.0038772964341536147,5,0.5115880586165656,0.006111677051211396,5,-0.02797296215748246,0.0026854212039826774,5,0.13136344992129295,0.004997660266251125,5,0.036595281874563464,0.004001758797061221,5,-0.0947681680467295,0.008705370207002355,5,0.13183630021575793,0.0059582785646221485,5,0.03651971810741108,0.0047347452814320385,5,-0.09531658210834684,0.0103788189024629,5,0.16150558138866727,0.004589577963444494,5,0.15670967383168927,0.0046512187311266405,5,-0.004795907556978019,0.0012899245924815415,5
azimuth_sector,0.25,0.75,0.4023418534913608,0.003933503444055684,5,0.4023418534913608,0.003933503444055684,5,0.0,0.0,5,0.4413465759433547,0.004887128055626439,5,0.4413465759433547,0.004887128055626439,5,0.0,0.0,5,2.111307331777892,0.010710226820132594,5,2.0996164112236775,0.011349187425782245,5,-0.011690920554214657,0.003903888518699841,5,0.7426914886139354,0.0035213398599386377,5,0.7383950533714209,0.003888310630289499,5,-0.004296435242514529,0.0011707567485648173,5,0.029457831417846803,0.0048743288243258305,5,0.02139510434744856,0.004897830371431733,5,-0.00806272707039824,0.0027711948160789113,5,0.03352253230605236,0.004596597303731509,5,0.0236942423847804,0.0038899445583147436,5,-0.00982828992127196,0.0036278242212077383,5,0.3913483383780623,0.006694799979533873,5,0.3856797515366471,0.0064045547436239825,5,-0.0056685868414152575,0.002742401496860128,5
azimuth_sector,0.25,0.9,0.3495930315579037,0.004050726063150709,5,0.3495930315579037,0.004050726063150709,5,0.0,0.0,5,0.38464625308020467,0.005901737955722411,5,0.38464625308020467,0.005901737955722411,5,0.0,0.0,5,2.3419005777836857,0.006672456239506253,5,2.402551992599907,0.006412331776325793,5,0.06065141481622112,0.0017451795234516123,5,0.7922879802641717,0.0023379876419384127,5,0.8145170161819122,0.0016981735616472076,5,0.022229035917740437,0.0009853441805743799,5,0.02650592273030224,0.006207671100334275,5,0.12495143467113065,0.004477346465297406,5,0.09844551194082843,0.00969343479405399,5,0.0280786770594533,0.00374195664631454,5,0.12929152680960357,0.004364224950815213,5,0.10121284975015025,0.006618458423957517,5,0.45731183500143846,0.005152803062187237,5,0.45210785730111924,0.005899173072118115,5,-0.005203977700319229,0.0019029312449583748,5
azimuth_sector,0.5,0.0,0.7303441382264744,0.0018219777704111654,5,0.7303441382264744,0.0018219777704111654,5,0.0,0.0,5,0.7941012438938376,0.0014766997684171794,5,0.7941012438938376,0.0014766997684171794,5,0.0,0.0,5,1.0368761232743506,0.005984316407033981,5,0.9936512896166046,0.014241021728057546,5,-0.043224833657746056,0.009446115393876754,5,0.3937776973765774,0.0024232209362848134,5,0.3716563594641631,0.004202075234982437,5,-0.022121337912414364,0.003274389476364348,5,0.16088179882972545,0.0025697877262793496,5,0.0693263555710836,0.003157174823652695,5,-0.09155544325864184,0.00569930995920887,5,0.16083666154503418,0.002618505077663696,5,0.06857438543120126,0.0030804880922114873,5,-0.09226227611383292,0.005697687276856542,5,0.07095040586544861,0.0013943135832325804,5,0.07511227571549234,0.0013040623665587358,5,0.004161869850043737,0.0009745008485535168,5
azimuth_sector,0.5,0.25,0.5862344709410253,0.003820425372560774,5,0.5862344709410253,0.003820425372560774,5,0.0,0.0,5,0.654295588125253,0.002806708696748251,5,0.654295588125253,0.002806708696748251,5,0.0,0.0,5,1.4956346898165553,0.006802326123623331,5,1.4940574238547288,0.010003207859479644,5,-0.0015772659618264128,0.0047086972070901085,5,0.5493285431365308,0.0024853860538069108,5,0.5402286596352901,0.0029628377629290306,5,-0.009099883501240668,0.0015301591118949366,5,0.10589045911750021,0.0027679831588970404,5,0.08551997637916395,0.0036595787936874497,5,-0.02037048273833626,0.006328467262881566,5,0.10607189121582342,0.003132488715328357,5,0.08511382169690118,0.0037775505989378687,5,-0.020958069518922238,0.006808235398254924,5,0.1623165956107145,0.002493067773969854,5,0.163776008126106,0.002565378249360623,5,0.0014594125153914784,0.0011213588072661747,5
azimuth_sector,0.5,0.5,0.3907182636013137,0.0033691976127955526,5,0.3907182636013137,0.0033691976127955526,5,0.0,0.0,5,0.45957934702347075,0.0030429190153950826,5,0.45957934702347075,0.0030429190153950826,5,0.0,0.0,5,2.170105715502416,0.014341482121928116,5,2.181162578315711,0.015288563845031423,5,0.011056862813294899,0.0036236796622868914,5,0.749677064559013,0.003918854746281996,5,0.7461550082996806,0.004220639730491096,5,-0.0035220562593323733,0.001870053924601685,5,0.0641507018312434,0.0024131779177015973,5,0.09555173714876944,0.002020344124164455,5,0.03140103531752604,0.0033053533299002825,5,0.06566844309872147,0.0016730663996802077,5,0.09555114100080116,0.0020215284830088507,5,0.02988269790207968,0.0023663187702042524,5,0.37068595616624933,0.004836724492012174,5,0.35645753116755197,0.004246808738047809,5,-0.014228424998697342,0.0030045562907523174,5
azimuth_sector,0.5,0.75,0.19471655004997854,0.004763480943497009,5,0.19471655004997854,0.004763480943497009,5,0.0,0.0,5,0.24809570435912107,0.0049947666131432275,5,0.24809570435912107,0.0049947666131432275,5,0.0,0.0,5,3.0017888592648156,0.021091733238482034,5,2.8976875235477686,0.01740453130623611,5,-0.10410133571704705,0.003920826461323212,5,0.9404266741430906,0.0038762533843684967,5,0.9136342428461294,0.0029251063819696666,5,-0.026792431296961117,0.0010535154509963452,5,0.1370944995617212,0.0035256485004959448,5,0.08017036363004439,0.002919369772575958,5,-0.056924135931676834,0.0012258768491462296,5,0.13683998893492116,0.0035044336270951162,5,0.07991104600139312,0.0031156375265388105,5,-0.056928942933528036,0.0010479766462021423,5,0.6921557055107108,0.009057479203990654,5,0.6651747158202023,0.007986107931887082,5,-0.02698098969050864,0.0018293635971271367,5
azimuth_sector,0.5,0.9,0.14656575753248605,0.004213811303937874,5,0.14656575753248605,0.004213811303937874,5,0.0,0.0,5,0.1886844035742335,0.005076580857816865,5,0.1886844035742335,0.005076580857816865,5,0.0,0.0,5,3.2837616851051807,0.018437473098285424,5,3.0470341651430433,0.012346346042270516,5,-0.23672751996213703,0.006380453998568447,5,0.9789480219017245,0.003621042560887761,5,0.9329051180999505,0.0020969868002379626,5,-0.046042903801774004,0.0015708544884048463,5,0.1649226331393479,0.004093212456380672,5,0.04277740895751116,0.0032477295281529745,5,-0.12214522418183675,0.004003674519234321,5,0.16462274848632305,0.0039527345006674175,5,0.04287891965879096,0.004280087892923364,5,-0.1217438288275321,0.004674022612027864,5,0.7649703077145877,0.007234137252762395,5,0.7426679854891842,0.008101131965913364,5,-0.022302322225403494,0.001940856979406757,5
azimuth_sector,0.75,0.0,0.6828216478652006,0.005613170361415864,5,0.6828216478652006,0.005613170361415864,5,0.0,0.0,5,0.7510696383957318,0.005587263083320113,5,0.7510696383957318,0.005587263083320113,5,0.0,0.0,5,1.2752193546146424,0.005564921950091662,5,1.1470721402750956,0.007109528271632696,5,-0.12814721433954673,0.0027145037386242885,5,0.47217579544270727,0.002521153318573634,5,0.4316093419474618,0.0037656092014526853,5,-0.04056645349524542,0.0016802907064701392,5,0.19407814914692334,0.005017067586700139,5,0.0403847513881755,0.004627684125723917,5,-0.15369339775874785,0.0005821459452049095,5,0.19382355460603268,0.005169374697912399,5,0.04153571178283436,0.0048332693508058525,5,-0.15228784282319835,0.0009936691714354199,5,0.10246421686132726,0.0022012960290005816,5,0.10729561991684818,0.0024638616930883622,5,0.004831403055520922,0.0007340528814651053,5
azimuth_sector,0.75,0.25,0.5184063972583178,0.004857791271641814,5,0.5184063972583178,0.004857791271641814,5,0.0,0.0,5,0.6004751561256206,0.005649934146040725,5,0.6004751561256206,0.005649934146040725,5,0.0,0.0,5,1.8124762758423507,0.0058818049855299806,5,1.7422253124696816,0.0080505660171281,5,-0.0702509633726692,0.0032710782047915186,5,0.6343475082564727,0.0017881672611243784,5,0.6101835329191829,0.002466006951893728,5,-0.024163975337289756,0.0011478567774725634,5,0.1259454534865101,0.003958332778242274,5,0.037691598570181076,0.0040699549173771644,5,-0.08825385491632902,0.0005996179305306429,5,0.12648621428274326,0.004659752423397665,5,0.0383055747214395,0.00441873846190101,5,-0.08818063956130376,0.0020239722319227984,5,0.22420821206744748,0.002927864676110829,5,0.225081586595955,0.002291329585073503,5,0.0008733745285075201,0.0012824616973705779,5
azimuth_sector,0.75,0.5,0.2833642724546623,0.004904786068645438,5,0.2833642724546623,0.004904786068645438,5,0.0,0.0,5,0.36894124184872373,0.006329279464061518,5,0.36894124184872373,0.006329279464061518,5,0.0,0.0,5,2.6349326354112934,0.014565307361313609,5,2.584347193542773,0.015847101672527102,5,-0.05058544186852041,0.0020738425867965755,5,0.8446177889390754,0.003769901743902451,5,0.8343125318014053,0.004140774623018735,5,-0.01030525713766992,0.00121018001438735,5,0.03913346116036104,0.002922917141159115,5,0.02264955119518606,0.00372034706934951,5,-0.01648390996517498,0.0022979063765286244,5,0.0389399707893856,0.0030301203114828346,5,0.02289131348767462,0.0034040981109471702,5,-0.01604865730171098,0.000636225495844942,5,0.5237439892843934,0.007695412760931905,5,0.5077916578440328,0.008725373454228988,5,-0.01595233144036068,0.002939284822576578,5
azimuth_sector,0.75,0.75,0.06631443666999852,0.0045219216824098,5,0.06631443666999852,0.0045219216824098,5,0.0,0.0,5,0.10959661320570772,0.007466614053637131,5,0.10959661320570772,0.007466614053637131,5,0.0,0.0,5,3.7028747146775784,0.015181677740572405,5,3.4206257224457666,0.01196225191381151,5,-0.2822489922318119,0.003388573686170015,5,1.0259610755286155,0.002797062397522929,5,0.9808664205453994,0.0019244869260954362,5,-0.04509465498321623,0.0010438903418817467,5,0.19432500627425953,0.004855100336640983,5,0.10449410409004381,0.004417278822967321,5,-0.08983090218421572,0.0009764260488720744,5,0.19432500627425958,0.004855100336641007,5,0.10437333648830127,0.004435041978468162,5,-0.0899516697859583,0.0009101857913507863,5,0.901843907894375,0.006595188582392232,5,0.8949768294717023,0.007539723210010718,5,-0.006867078422672734,0.0016127905287862262,5
azimuth_sector,0.75,0.9,0.03464229615878904,0.0030884884559740323,5,0.03464229615878904,0.0030884884559740323,5,0.0,0.0,5,0.06057489607502244,0.005562985317157875,5,0.06057489607502244,0.005562985317157875,5,0.0,0.0,5,4.050862698214908,0.013367973792575228,5,3.5191417528094844,0.007735877146367634,5,-0.5317209454054228,0.005985637915528018,5,1.048933652312186,0.002284196581471488,5,0.980525606802446,0.0008286911838878705,5,-0.06840804550974,0.001661596706841632,5,0.21164905492592773,0.003386719675758584,5,0.08185926227030708,0.0030275300980540727,5,-0.12978979265562066,0.0012962441742537538,5,0.21164905492592773,0.0033867196757585913,5,0.08182046218017189,0.002992664119620615,5,-0.12982859274575587,0.0013197617110725084,5,0.9427683418116043,0.006631626201961688,5,0.9373627298563308,0.006852438467858613,5,-0.005405611955273448,0.0009053665344582427,5
azimuth_sector,0.9,0.0,0.5806939882907326,0.004089801495752175,5,0.5806939882907326,0.004089801495752175,5,0.0,0.0,5,0.6474290389245676,0.004194088555811794,5,0.6474290389245676,0.004194088555811794,5,0.0,0.0,5,1.5254491232018483,0.008295364726567367,5,1.4581851731274798,0.00919170132924616,5,-0.06726395007436863,0.0009736288808651609,5,0.5712123639403176,0.0030020815095750625,5,0.5536833227954607,0.003611555333917462,5,-0.017529041144856938,0.00063201089326921,5,0.14484538513680306,0.0035140560798245803,5,0.08292991112004781,0.0038641487131894697,5,-0.061915474016755255,0.0011472642973452936,5,0.14489166428306077,0.0034789699555269693,5,0.0829319729163961,0.0038555326610089607,5,-0.06195969136666468,0.0012283086742387545,5,0.1743153774841321,0.00335447385274967,5,0.18404813168550288,0.004051064395940334,5,0.009732754201370819,0.0011389083470168281,5
azimuth_sector,0.9,0.25,0.4255890332714551,0.0017448005019684327,5,0.4255890332714551,0.0017448005019684327,5,0.0,0.0,5,0.49487187871780736,0.0034639025633792825,5,0.49487187871780736,0.0034639025633792825,5,0.0,0.0,5,2.03397158539932,0.0063560352246774246,5,2.0041877440926887,0.006214054839714534,5,-0.02978384130663092,0.0015244344333100247,5,0.7156623018457278,0.0024921084316982026,5,0.7107396159439862,0.0030073578084640028,5,-0.0049226859017415855,0.0006206393181301974,5,0.06794894522422174,0.0058768383836334415,5,0.05911355504456352,0.003264905820382005,5,-0.008835390179658217,0.005017402457106535,5,0.07025092050485335,0.00632385341626208,5,0.06136257741365554,0.0037325741943185957,5,-0.008888343091197803,0.004046698533754246,5,0.3270746742992732,0.005578804267140081,5,0.33158646569986006,0.005857878986362385,5,0.004511791400586884,0.0006314215092119096,5
azimuth_sector,0.9,0.5,0.23472797372554619,0.004773956958314945,5,0.23472797372554619,0.004773956958314945,5,0.0,0.0,5,0.29640015706983414,0.0047271081338405106,5,0.29640015706983414,0.0047271081338405106,5,0.0,0.0,5,2.7547086728944175,0.013617500349093786,5,2.6777112916695165,0.01297582980546228,5,-0.07699738122490114,0.001088300635160881,5,0.8853544941504892,0.004061589847025691,5,0.8695879185283012,0.003936463618656266,5,-0.015766575622188105,0.0004205249801747671,5,0.084173245386039,0.004344277143207735,5,0.03329300557106906,0.004779184384579058,5,-0.05088023981496994,0.00800642863012573,5,0.08377851648354287,0.004202507151728819,5,0.03526202379035022,0.004980490792943713,5,-0.04851649269319265,0.00711695580599019,5,0.606258784139165,0.009913017197046086,5,0.5894181692427699,0.01130924426808607,5,-0.01684061489639512,0.001960930637556694,5
azimuth_sector,0.9,0.75,0.07328287876624298,0.00643881465963863,5,0.07328287876624298,0.00643881465963863,5,0.0,0.0,5,0.10510875142854889,0.008903194301717966,5,0.10510875142854889,0.008903194301717966,5,0.0,0.0,5,3.6365228351177854,0.01429874535449362,5,3.2953085693463415,0.009263474860215176,5,-0.341214265771444,0.005097927558207629,5,1.0244340980667062,0.004332077450883119,5,0.9659988134297521,0.0021211199369755352,5,-0.05843528463695409,0.0022317703249813098,5,0.20015204351576338,0.007217648327000806,5,0.07448041220621712,0.006555740831152533,5,-0.12567163130954626,0.0007695023305575011,5,0.20013704960209547,0.007200788223644071,5,0.07429130811963111,0.00667877966847286,5,-0.12584574148246438,0.0007068940429173302,5,0.9039383668766712,0.00991570207757528,5,0.8893570323523402,0.011251145829658443,5,-0.014581334524330946,0.0015751400874799808,5
azimuth_sector,0.9,0.9,0.044980722547479625,0.005510147474389475,5,0.044980722547479625,0.005510147474389475,5,0.0,0.0,5,0.06512902826390445,0.007596712601241317,5,0.06512902826390445,0.007596712601241317,5,0.0,0.0,5,3.9344967304964706,0.013776223581098014,5,3.3965543362035975,0.006050521026930322,5,-0.5379423942928728,0.007747145410647884,5,1.051188941335339,0.0031650174547238866,5,0.9722344054352966,0.0008941508854825932,5,-0.0789545359000425,0.002287902369511321,5,0.2219783138663814,0.005870108571406106,5,0.0654549656117358,0.005564100192313773,5,-0.1565233482546456,0.0005052193284536119,5,0.22197831386638142,0.005870108571406105,5,0.0654270121983069,0.005507150533124963,5,-0.1565513016680745,0.0005285165633866882,5,0.9477241256840314,0.008217616001483534,5,0.9402310549867041,0.00867630876772504,5,-0.007493070697327253,0.0005229521126044196,5
uniform,0.0,0.25,0.8823647008424962,0.0023210381577356415,5,0.8823647008424962,0.0023210381577356415,5,0.0,0.0,5,0.9151297442956027,0.0024303518436773106,5,0.9151297442956027,0.0024303518436773106,5,0.0,0.0,5,0.5563780382081157,0.0025771470972324943,5,0.3926014342707294,0.0034274226709169256,5,-0.16377660393738633,0.0015709559063019345,5,0.2117472827042616,0.001252954682289137,5,0.1685800843993659,0.0015574587871086433,5,-0.04316719830489572,0.0007027656599049647,5,0.18607983164983008,0.0019080864269025186,5,0.026344605010739743,0.0006772538118756954,5,-0.15973522663909037,0.001958449828302386,5,0.18606457686642938,0.0019207600968161025,5,0.02418371397827872,0.001378600198543468,5,-0.16188086288815065,0.002459430813243323,5,0.01680954790215812,0.0003212735508148894,5,0.0174145215192292,0.00034581617500411047,5,0.00060497361707108,6.004930053356623e-05,5
uniform,0.0,0.5,0.8146223047265458,0.003393319614832887,5,0.8146223047265458,0.003393319614832887,5,0.0,0.0,5,0.8687250978337129,0.002440547059583778,5,0.8687250978337129,0.002440547059583778,5,0.0,0.0,5,0.8222790132783327,0.0038890924448119527,5,0.641969259297729,0.005331017665902018,5,-0.1803097539806038,0.002805931632508043,5,0.31635480840725433,0.0018556965059094129,5,0.26395625132607686,0.0029757452061507147,5,-0.052398557081177424,0.0013567587956552151,5,0.2092773981203014,0.0035934087126254064,5,0.03304143632965828,0.0016462313029503843,5,-0.17623596179064313,0.0024307883742677124,5,0.20923983434849808,0.0036035068238512514,5,0.03302153589456744,0.0017940858875131558,5,-0.1762182984539306,0.0027609786473259575,5,0.04138387860791298,0.0012012547517489252,5,0.04115443914732396,0.0011014658505068176,5,-0.00022943946058902044,0.0002482357265348462,5
uniform,0.0,0.75,0.6022561759246037,0.0028712284215715155,5,0.6022561759246037,0.0028712284215715155,5,0.0,0.0,5,0.7054365026603503,0.0022167386401493946,5,0.7054365026603503,0.0022167386401493946,5,0.0,0.0,5,1.519728975230055,0.004109753843359693,5,1.4543740680901691,0.006715632828626767,5,-0.06535490713988587,0.0034359070043794558,5,0.5757365401305652,0.0018448395630638202,5,0.5574119511986125,0.0022474471808455938,5,-0.018324588931952678,0.0011321230162426863,5,0.17624674436152427,0.0024962755858844972,5,0.10185161842897202,0.0026044374162349426,5,-0.07439512593255225,0.002040831596269816,5,0.17624674436152427,0.0024962755858844972,5,0.10099596871000613,0.003092377560469808,5,-0.07525077565151814,0.0021070826549070124,5,0.1920656038628014,0.003479704129933369,5,0.2012175866256242,0.002696756617770767,5,0.009151982762822825,0.0011912035121042477,5
uniform,0.0,0.9,0.47845209196058824,0.0028228847735317208,5,0.47845209196058824,0.0028228847735317208,5,0.0,0.0,5,0.58647702219286,0.003097876479133319,5,0.58647702219286,0.003097876479133319,5,0.0,0.0,5,1.948086234765023,0.006858896414162784,5,2.070145026557558,0.004545587136126803,5,0.12205879179253513,0.0025902752490344063,5,0.6934206387790802,0.001899205721313923,5,0.7369446307646976,0.0008739537346547692,5,0.043523991985617363,0.0010486064878557039,5,0.1135713869681427,0.0020463536428363942,5,0.20345396416816866,0.003212273542247881,5,0.08988257720002593,0.0015893515624932544,5,0.11320912987718112,0.0024887737264324057,5,0.20313664125615488,0.003358422061438949,5,0.08992751137897377,0.0011360298212106349,5,0.3145129218077992,0.0033649189500762604,5,0.3371250311739698,0.002279639851770498,5,0.022612109366170606,0.0019486316325924642,5
uniform,0.25,0.0,0.8566328716264457,0.0028109409802984106,5,0.8566328716264457,0.0028109409802984106,5,0.0,0.0,5,0.8919969305548632,0.0026992646224045375,5,0.8919969305548632,0.0026992646224045375,5,0.0,0.0,5,0.628914928477678,0.0016711951980974062,5,0.5776889733790086,0.008625786996508828,5,-0.05122595509866941,0.007227832798873371,5,0.2383880360218446,0.0009008823571904117,5,0.21364809739999843,0.0034438068420166285,5,-0.024739938621846168,0.0025862956085610633,5,0.17583570536572318,0.0026671366132480184,5,0.061294891032898625,0.002180596614304216,5,-0.11454081433282455,0.0046732270807447384,5,0.17578709030480283,0.002698619136875779,5,0.060715959143844846,0.0020971158908506806,5,-0.11507113116095798,0.004752879980605103,5,0.02223943981144406,0.0004825361412609737,5,0.024550627480559,0.0006174702688597971,5,0.00231118766911494,0.0003783238670082391,5
uniform,0.25,0.25,0.8311295159217478,0.0026147649234941213,5,0.8311295159217478,0.0026147649234941213,5,0.0,0.0,5,0.8718409843182124,0.0013821926177452022,5,0.8718409843182124,0.0013821926177452022,5,0.0,0.0,5,0.7207561661037925,0.004146505155497456,5,0.5988186113605863,0.010496205894916852,5,-0.1219375547432062,0.006674515684733847,5,0.2744514780977886,0.001491426577259481,5,0.23869025665684457,0.003102261492685308,5,-0.035761221440944,0.0019056498044091477,5,0.1831273565766066,0.003265941656832666,5,0.04125801147309608,0.001527661096823424,5,-0.1418693451035105,0.004605371639970801,5,0.18258156132408304,0.002914936018373651,5,0.04028803988874772,0.0015033814758186083,5,-0.1422935214353353,0.004182384583488975,5,0.0303307927431239,0.0005016818899611208,5,0.03202527443932812,0.0005879772757698019,5,0.0016944816962042191,0.0003393870709234708,5
uniform,0.25,0.5,0.7482793088676282,0.0035804499218884517,5,0.7482793088676282,0.0035804499218884517,5,0.0,0.0,5,0.8059384837604924,0.0027288581881718264,5,0.8059384837604924,0.0027288581881718264,5,0.0,0.0,5,1.0237238472912051,0.005029658194560435,5,0.8688478907124534,0.007846990879382775,5,-0.15487595657875178,0.0036318301501902287,5,0.38802998918050513,0.002857392875540056,5,0.3415952796067459,0.003692816098184738,5,-0.04643470957375924,0.0014652446822544295,5,0.19352237450996626,0.0037751647854717485,5,0.02367822098564418,0.00557553553198631,5,-0.16984415352432208,0.004713403149930203,5,0.19304678443736484,0.004060438095887815,5,0.022340015430510403,0.004992805543401061,5,-0.17070676900685444,0.003688839604012993,5,0.06663383757303164,0.0016983044451253822,5,0.06692753761983122,0.0017810724395924992,5,0.0002937000467995804,0.0006160829875793499,5
uniform,0.25,0.75,0.4972154790803941,0.005722537458093372,5,0.4972154790803941,0.005722537458093372,5,0.0,0.0,5,0.5831413722281703,0.004370097719030014,5,0.5831413722281703,0.004370097719030014,5,0.0,0.0,5,1.8252700354365838,0.007325789422449013,5,1.7673749548082902,0.010307136167669028,5,-0.05789508062829345,0.003965469093218512,5,0.6692361435098596,0.002327982181129261,5,0.6507343297789332,0.003751561614896944,5,-0.0185018137309265,0.0015929626692641288,5,0.12246057541239544,0.0050687728916243655,5,0.06177077592598383,0.004722732640376093,5,-0.06068979948641158,0.0010257076186241862,5,0.123332693417242,0.00508764131864972,5,0.060063550181046574,0.006066572768212829,5,-0.06326914323619542,0.0012707519427092697,5,0.2914402927941443,0.0040410504229820045,5,0.28254380181588995,0.005258560466898977,5,-0.008896490978254356,0.002262530823619911,5
uniform,0.25,0.9,0.3552477509638726,0.004718104207542482,5,0.3552477509638726,0.004718104207542482,5,0.0,0.0,5,0.4321231433122653,0.006257361398732002,5,0.4321231433122653,0.006257361398732002,5,0.0,0.0,5,2.3262652543392264,0.006158561569614136,5,2.3676100648976477,0.0038623175129235726,5,0.04134481055842132,0.0029620543097482704,5,0.7984395099698425,0.0025516738162022472,5,0.8130913599451046,0.0014424188173439523,5,0.014651849975262143,0.0013479571084046044,5,0.0431240373787599,0.004051845600265115,5,0.11806077599967861,0.004520746938384073,5,0.0749367386209187,0.004020302105200378,5,0.04285859979883922,0.0036461814866861246,5,0.11785307507979859,0.004242221938063351,5,0.07499447528095936,0.003832340706964665,5,0.4940174547846503,0.007772780072155924,5,0.4814574099154337,0.006062186575989796,5,-0.012560044869216658,0.0032528218657526227,5
uniform,0.5,0.0,0.799143224332429,0.0034220415768399255,5,0.799143224332429,0.0034220415768399255,5,0.0,0.0,5,0.8497196889586286,0.0030634217544900774,5,0.8497196889586286,0.0030634217544900774,5,0.0,0.0,5,0.8408107779504321,0.002084937314221336,5,0.7867675873984934,0.0065904214958069285,5,-0.054043190551938826,0.004976002933555046,5,0.3152393889138981,0.0008773639275410934,5,0.2873827783342875,0.0026973187780268775,5,-0.027856610579610565,0.0022818154930774517,5,0.18327610040133316,0.0037816307612501083,5,0.07249670012988249,0.0037860214286829924,5,-0.11077940027145065,0.00753600427515029,5,0.18323931620759198,0.0037445193336271103,5,0.07241795721986406,0.0037822093970790813,5,-0.11082135898772791,0.007465379149679745,5,0.03902409855066412,0.0006484033148156678,5,0.04179935206587558,0.0006301265820130667,5,0.0027752535152114595,0.00012023399422602453,5
uniform,0.5,0.25,0.7585606168784806,0.0024199594647225544,5,0.7585606168784806,0.0024199594647225544,5,0.0,0.0,5,0.8169112022086669,0.0011964364107047687,5,0.8169112022086669,0.0011964364107047687,5,0.0,0.0,5,0.9705145505720523,0.002358049846726285,5,0.8574277001976744,0.005539115643685423,5,-0.11308685037437786,0.0038196484209225487,5,0.3625714531035091,0.00036348896332289875,5,0.32581877928270725,0.0015340201833222264,5,-0.03675267382080185,0.0013933362466112358,5,0.1783186848454254,0.0026363948094626777,5,0.0480848334876231,0.0020150115199651197,5,-0.13023385135780233,0.004610376629259461,5,0.178182575363022,0.0028061099383473306,5,0.0480066694195325,0.0019932694202915544,5,-0.13017590594348952,0.004754877027213213,5,0.05444144938905834,0.0004999197373381292,5,0.056399304572594254,0.0007845635773326862,5,0.0019578551835359196,0.0004344627600727612,5
uniform,0.5,0.5,0.6456375838926174,0.004506111508751009,5,0.6456375838926174,0.004506111508751009,5,0.0,0.0,5,0.7201731356442365,0.004249664182040395,5,0.7201731356442365,0.004249664182040395,5,0.0,0.0,5,1.3685426158157867,0.0058740168529713335,5,1.2401005932365874,0.007337029121071046,5,-0.1284420225791994,0.003832596427339178,5,0.5025352139377188,0.001799947975993841,5,0.4581642103601503,0.002108543848828871,5,-0.04437100357756847,0.0011144941423935322,5,0.16953748874427593,0.0040911575784985405,5,0.01645847333999792,0.0019064571556286288,5,-0.15307901540427798,0.005563406870486911,5,0.16983964318022748,0.004653112037859345,5,0.01519111293352422,0.002669027548721326,5,-0.15464853024670328,0.006390572548685469,5,0.11917750520851926,0.001466871237225647,5,0.1180091650298604,0.001194305851576507,5,-0.001168340178658861,0.00037529275698911196,5
uniform,0.5,0.75,0.314436669998572,0.004076567877658182,5,0.314436669998572,0.004076567877658182,5,0.0,0.0,5,0.40555263588760937,0.004925008861348081,5,0.40555263588760937,0.004925008861348081,5,0.0,0.0,5,2.398629427442644,0.006602828848716471,5,2.3635719393165693,0.005938357823843714,5,-0.03505748812607479,0.0013578518175303895,5,0.8278758737553167,0.0013253452121539248,5,0.8170484484862375,0.0012043127388499386,5,-0.010827425269079182,0.0005317005761086939,5,0.02345470980168238,0.0033214618816198175,5,0.01699315867887036,0.004540532704200725,5,-0.00646155112281202,0.0058053452047139645,5,0.02576822531551302,0.0019651433047752904,5,0.01988380794575708,0.006055537061906122,5,-0.00588441736975594,0.006830723150555715,5,0.5322209488733922,0.0038111192605695147,5,0.5033066661671832,0.0033787051051652264,5,-0.028914282706209028,0.0011777377591019834,5
uniform,0.5,0.9,0.16929887191203763,0.00656830301807592,5,0.16929887191203763,0.00656830301807592,5,0.0,0.0,5,0.23801005126557023,0.00921830622593452,5,0.23801005126557023,0.00921830622593452,5,0.0,0.0,5,2.9951699793388435,0.013468822316078584,5,2.8901744004221728,0.009031550155217815,5,-0.10499557891667095,0.004557216536226078,5,0.9486113379149186,0.0035169739538639766,5,0.9231926578009872,0.001779770464893185,5,-0.02541868011393129,0.0017530886129577619,5,0.10417009322123323,0.0065782396366755105,5,0.0163187043798762,0.0035982093156629543,5,-0.08785138884135701,0.005960252600149315,5,0.10415243816126149,0.0065918675192301575,5,0.021850913359004957,0.0019595309289236556,5,-0.08230152480225654,0.007381794105731489,5,0.7961756888624132,0.009484706203303649,5,0.7708234890784735,0.00804907316465937,5,-0.025352199783939655,0.0017345884630077214,5
uniform,0.75,0.0,0.7561330858203628,0.0014611312000327031,5,0.7561330858203628,0.0014611312000327031,5,0.0,0.0,5,0.8242297444413168,0.002118753585284001,5,0.8242297444413168,0.002118753585284001,5,0.0,0.0,5,1.0362005773469303,0.00192657769696445,5,0.8799173282899968,0.004134630669354161,5,-0.15628324905693355,0.0024450497968176504,5,0.3831614219296763,0.0005996719053635954,5,0.32638464956290275,0.0009220176358908231,5,-0.05677677236677349,0.0005265216227549622,5,0.2025326744225322,0.0014133934915264007,5,0.032276691196993654,0.0019775534193822563,5,-0.17025598322553856,0.003350696632816886,5,0.20243319296831747,0.0015639387880216154,5,0.032241895717456,0.001963602006906101,5,-0.17019129725086146,0.0034854196694214415,5,0.05570576355264082,0.00035934604803711305,5,0.05477473753486186,0.0002143048505522743,5,-0.0009310260177789589,0.0001613343234508526,5
uniform,0.75,0.25,0.6972725974582321,0.002699938655031959,5,0.6972725974582321,0.002699938655031959,5,0.0,0.0,5,0.7757643966177108,0.0033762862573555106,5,0.7757643966177108,0.0033762862573555106,5,0.0,0.0,5,1.211561442158389,0.0037195142911057833,5,1.0540662721805478,0.005732460105323885,5,-0.15749516997784108,0.0021374389122924622,5,0.44101004337350613,0.001188835312739109,5,0.3873873741345596,0.002349296219895487,5,-0.0536226692389465,0.001197136396502126,5,0.17960945024182123,0.002644631345541578,5,0.02668919518306202,0.003133470165078772,5,-0.15292025505875922,0.004421902428740276,5,0.17969038678270188,0.002239745221358204,5,0.02617729013108224,0.00410652860993811,5,-0.15351309665161966,0.005139616326797566,5,0.08077608388936942,0.0010220757656959848,5,0.07766915022798,0.0011671627014560977,5,-0.0031069336613894216,0.00022435385796862575,5
uniform,0.75,0.5,0.5397972297586748,0.004191735977000423,5,0.5397972297586748,0.004191735977000423,5,0.0,0.0,5,0.6347020592771925,0.0024380217423926355,5,0.6347020592771925,0.0024380217423926355,5,0.0,0.0,5,1.733209776953092,0.007128291948153092,5,1.6047897169464609,0.007244524117696569,5,-0.12842006000663114,0.0019135503362365809,5,0.6074517024201345,0.0019013986728006786,5,0.5603904078617614,0.00275852760166431,5,-0.047061294558373025,0.0010630079226284423,5,0.12814411585960356,0.004352599820121754,5,0.06174769295337652,0.004344995444937503,5,-0.06639642290622702,0.0029178445676200076,5,0.1295025428414965,0.005444531858622437,5,0.0618854577299869,0.004094002047078492,5,-0.06761708511150961,0.003451907003069794,5,0.18506944067149061,0.0028839451589821484,5,0.17309033020696823,0.0028724495349721404,5,-0.01197911046452238,0.00027477881456381884,5
uniform,0.75,0.75,0.15544766528630583,0.0032178235213258634,5,0.15544766528630583,0.0032178235213258634,5,0.0,0.0,5,0.2397194058837971,0.004112947832481252,5,0.2397194058837971,0.004112947832481252,5,0.0,0.0,5,3.0254966657690856,0.006518869500128045,5,2.9009839980612853,0.004601834433085745,5,-0.12451266770780008,0.0025979822957925866,5,0.9554029560147489,0.001236349469007606,5,0.9272398077682219,0.0009823788346117093,5,-0.028163148246526992,0.0004093670316067119,5,0.12444592032171298,0.0032621969557209184,5,0.09001803218818338,0.003825052147847466,5,-0.03442788813352961,0.0008941025185708626,5,0.12403177776724728,0.003451295343475924,5,0.08925837453058,0.0037281602342865254,5,-0.034773403236667284,0.0007237538068161595,5,0.7634068177463711,0.006038514480217105,5,0.7130864036749646,0.003734581785817458,5,-0.050320414071406486,0.002830584885965183,5
uniform,0.75,0.9,0.035956018849064644,0.001464615896610964,5,0.035956018849064644,0.001464615896610964,5,0.0,0.0,5,0.0661939084965337,0.002776863548617416,5,0.0661939084965337,0.002776863548617416,5,0.0,0.0,5,3.723865708124672,0.012817283452052674,5,3.326888350199046,0.0069677065705346375,5,-0.39697735792562633,0.006007840955332393,5,1.0628535351606658,0.001671836526345575,5,0.9842776655596353,0.0008256804965535544,5,-0.07857586960103043,0.0008680867627969014,5,0.24285011230586728,0.0015624375480382763,5,0.12385769014771579,0.0013479531434022287,5,-0.11899242215815149,0.0004541501699376212,5,0.2428428182200415,0.0015705750328729195,5,0.12382459221355901,0.0013387234169154182,5,-0.11901822600648251,0.0004779280781541106,5,0.9717047285419458,0.0026676460984245767,5,0.9489742306111694,0.0040500524738241945,5,-0.02273049793077637,0.001489983948146104,5
uniform,0.9,0.0,0.6211052406111667,0.0014996973700546767,5,0.6211052406111667,0.0014996973700546767,5,0.0,0.0,5,0.6861076686872172,0.002413996853447304,5,0.6861076686872172,0.002413996853447304,5,0.0,0.0,5,1.4248200330203398,0.005141011362544247,5,1.2875589387267277,0.010903948907947885,5,-0.13726109429361216,0.006353901649153027,5,0.5326472397501995,0.0012734830693805507,5,0.48576568042754387,0.0028658274285594623,5,-0.04688155932265557,0.001635415777437106,5,0.1741253202368277,0.0014212060488375546,5,0.0291071853212863,0.0025298350536481157,5,-0.1450181349155414,0.003750106094846587,5,0.17369647860181106,0.0016549184726741104,5,0.02858261532215502,0.002128578076045375,5,-0.14511386327965603,0.0035235886517440214,5,0.13365333746817304,0.0016435579685030869,5,0.13445239997794656,0.0019238509802204417,5,0.0007990625097735182,0.0004364654724072698,5
uniform,0.9,0.25,0.5723832643152934,0.0024161647703098855,5,0.5723832643152934,0.0024161647703098855,5,0.0,0.0,5,0.6393542719291914,0.004030520130572817,5,0.6393542719291914,0.004030520130572817,5,0.0,0.0,5,1.5904193555358126,0.004359671649057693,5,1.4550914371997554,0.0071148916716648,5,-0.13532791833605703,0.004063074297364041,5,0.5790881777454332,0.0006215777354020829,5,0.5343768074283325,0.0016364050620440076,5,-0.04471137031710071,0.0011463637424665408,5,0.1518844143891213,0.002094133170611693,5,0.0343545728871806,0.0027154057668306014,5,-0.11752984150194075,0.004093322148800733,5,0.1525353634834587,0.0017990630295881469,5,0.03564997266958828,0.0020889735855675385,5,-0.11688539081387044,0.0031308374268627886,5,0.16515256485855506,0.0015182576804216145,5,0.162160121911,0.0017483716270929289,5,-0.0029924429475550298,0.000720624439016689,5
uniform,0.9,0.5,0.41767813794088243,0.0038936450676669825,5,0.41767813794088243,0.0038936450676669825,5,0.0,0.0,5,0.48537440317731423,0.00500576091858063,5,0.48537440317731423,0.00500576091858063,5,0.0,0.0,5,2.087987941132382,0.007444414754710381,5,1.992761729047706,0.008153825606142426,5,-0.09522621208467581,0.0019332332405844123,5,0.7202005483870199,0.002109288658768312,5,0.6906100473294475,0.0027481875939733545,5,-0.029590501057572372,0.0008387750662989561,5,0.09979046799122612,0.003136368089383769,5,0.06524001915931385,0.00656205042074653,5,-0.03455044883191228,0.0038468891713072323,5,0.1009737089262995,0.004454186582035757,5,0.06627312792116152,0.006474214476406724,5,-0.034700581005137995,0.0031003272828068144,5,0.30668777849955753,0.0033932340793517875,5,0.29511563813567826,0.003703123116986177,5,-0.011572140363879223,0.0007021819263842518,5
uniform,0.9,0.75,0.11852063401399396,0.0021514378371154334,5,0.11852063401399396,0.0021514378371154334,5,0.0,0.0,5,0.14346400916074578,0.003374625277206914,5,0.14346400916074578,0.003374625277206914,5,0.0,0.0,5,3.2111433742715816,0.0042125656355172635,5,3.058242527867103,0.004590456561983494,5,-0.1529008464044786,0.0009389102751840372,5,0.965307946795064,0.0010160183398128537,5,0.9375282384087061,0.001239138429593722,5,-0.027779708386357793,0.00039372560512721346,5,0.12775735348612688,0.0016271883483910587,5,0.07923979924100752,0.0013216184081194775,5,-0.04851755424511935,0.0024014248069816734,5,0.12502943904249877,0.002301867251925192,5,0.07888158471486843,0.001202120333944451,5,-0.04614785432763032,0.002330132151454584,5,0.769989788172588,0.005576966570800315,5,0.74429113682798,0.006005239898418973,5,-0.025698651344607915,0.0014596229382442135,5
uniform,0.9,0.9,0.05609024703698412,0.0013064073124641209,5,0.05609024703698412,0.0013064073124641209,5,0.0,0.0,5,0.06598721862042875,0.0016286009885410338,5,0.06598721862042875,0.0016286009885410338,5,0.0,0.0,5,3.712809033366631,0.008992742150322681,5,3.3460933164238638,0.0051582484590828185,5,-0.3667157169427663,0.004207712263148262,5,1.0204186666764703,0.0007713025854793762,5,0.970021560333232,0.0004709632622038471,5,-0.0503971063432382,0.0005138559090075175,5,0.16719582539402525,0.0007395199364089187,5,0.07164287309025062,0.0007932937089066964,5,-0.09555295230377461,0.0006266873806253329,5,0.16719582539402528,0.0007395199364089423,5,0.0709981059933458,0.0012296200012543899,5,-0.09619771940067946,0.0006958237462561306,5,0.9012392814101942,0.002387553660744444,5,0.8746187329449772,0.0023758521116134515,5,-0.026620548465216907,0.0011133454666068137,5
